treatment,EC50,lower_bar,upper_bar
FC,0.653992395,0.599239544,0.708745247
LF,0.574904943,0.448669202,0.701140684
SF,0.177946768,0.144486692,0.211406844